username,password,first_name,last_name
A,$2b$12$MkKjMrnyzF6GcLr8cVw/belOQyPhwLHGbeGUhxtpHiJdnZ.IaFg.m,A,A
B,$2b$12$Mcd5zRbBlI3ms8dD/RlGUuZAN8bLeLtWAkM/P5ypy8oPvnpZyuaLC,B,B
C,$2b$12$KdTsUsTJvxMz5pMCsLJ.yuh0U86WPBTVuRsOwuL6kBOO8HAsFjPlW,C,C
D,$2b$12$aC56.EGUIvPbkjDnqMvfweoLYqpiLlo6yE3aoN3o2kCCGlJAbUl7.,D,D
E,$2b$12$CqqcMnlPr3g0nIIx2WBtA.Z5RDPArwYYyLGkroGKWQKbB25qNMUqu,E,E
F,$2b$12$vRm2T1Ugz4GvkJs9auuPDu0RGyaCVqspsiOlqCXGp7N81v57y5rVy,F,F
G,$2b$12$wIcdD2A/EZ9fdBm9iz7UO.zcNskv2d5BUhpX1xrbLj45FHiRdCNQK,G,G
H,$2b$12$9Ye4w7oBrTG4u205kHVNNeZjN.aAdEOa/Hz7Bz2YAdB1XLNp9Dgni,H,H
I,$2b$12$8a2wLhYW2usK/UE1tA1C7OinMqjzQKR/25JV5qbFCDVCuM5THf1q6,I,I
J,$2b$12$vT802W5Ewbv8NcGyxC1uJ.qI20Ml3AcRVgeoiqatF8vP079.w1DzG,J,J
K,$2b$12$d2r0xbPmuxAgdiVhWWVqjeN9Eod3LjC2IRvQTm16EgSiM52hGdhiW,K,K
L,$2b$12$TM6HWsura5ZKwfxKg4FeFeTI85GsK7b50oRutIXey0uzI0rnV0LU6,L,L
M,$2b$12$eEg.Rw2yKTntAmgDmcSueuIWdLl.VXMH4EIHeL6RqIJyPryyCFBM2,M,M
N,$2b$12$zZr4Mg4jJOMWADSzylG2iucKSyVOblj9Fh353xl/ikqxu3wms7c6a,N,N
O,$2b$12$eS/0D2.l91UvpV1pjmxnMO9FPu28PYj4kP8EyXU3ibcAPwqtS1nnG,O,O
P,$2b$12$ogurpYaO5HXqtGkSDObbZuHc1bC97ee/RBhOSYbYKj3R0yD7ryiMC,P,P
Q,$2b$12$AFrUTqmOBvsivlbELc7EzeyVHV7P.J0V.THh8pcJ.vW15IIOH4Bn6,Q,Q
R,$2b$12$nqcMT0VIL5EpGFmGls1xLur/H24MRRK6oK5z2W4OZbMWmAfqazXuS,R,R
S,$2b$12$7.bToaVkUwJxiqAQEAYDzOmXGg/ssDH/.CqVuEdhEnS5ncg7bs.MK,S,S
T,$2b$12$7F/YjRWmXBiZ13FwjyUIPOqPhULtcA3npDFgdBhdHFU/pbqSMTcKy,T,T
U,$2b$12$MNPZb3piyN/GOVYPRcOMqOaAm1nKxQC99CwU9aXp8OGqiImcOEIni,U,U
V,$2b$12$s7RxrAr9ZXTNhsW6FhomQe68iMPihxYoSScT6.t6MVbhQ9RuH4GD2,V,V
W,$2b$12$/gWIp8vRKZcDXDgDW94l/eE6MI6QsL7lnEDDf1Laoa3vpcOjDxtfG,W,W
X,$2b$12$akvStHDpQ0cz9jppsBxOJ.Vt48bJaO32ho3RqROI16.utCjts3ETS,X,X
Y,$2b$12$68LV5AHKaEvlj.F23WsGBOLsTdS/s1CBBcdB0Mu4mDcGRX.3/2/hS,Y,Y
Z,$2b$12$F3rEx12EcrrVuDFn394o0eGzguPWA9AL3oKx/OnuqeLoYq1SJoUeG,Z,Z